"Status","Name","Duration in ms","Description"
"failed","testcase.test_demo.test_four","3",""
"failed","testcase.test_demo.test_three","2",""
"passed","testcase.test_class.TestClass.test_s","1",""
"failed","testcase.test_demo.test_two","35",""
"passed","testcase.test_function.test_01","2",""
"passed","testcase.test_class.TestClass.test_01","3",""
"failed","testcase.test_demo.test_one","2",""
"failed","testcase.test_function.test_02","3",""
"passed","testcase.test_function.test_add","1",""
"passed","testcase.test_class.TestA.test_001","1",""
